{
  "assetsByChunkName": {
    "vendors~app-account~app-confirmation~app-order": "chunk.153fafe3f5e849ae092b.js",
    "vendors~app-account~app-checkout": "chunk.1bf46fd2d33a723b5818.js",
    "vendors~app-cart~app-checkout": "chunk.b2f66b38271aeeab9077.js",
    "admin": [
      "admin.03969d4a11cdb1fbb7b9.js",
      "admin.03969d4a11cdb1fbb7b9.js.map"
    ],
    "app-account": "chunk.65022043a1be5d8842d7.js",
    "app-cart": "chunk.8fb3c2c4b98104259679.js",
    "app-checkout": "chunk.5f0817912b3ea9fa7cab.js",
    "app-confirmation": "chunk.022cf3e95933f6a84c26.js",
    "app-order": "chunk.11811eab41ccedbe32fe.js",
    "checkout": [
      "checkout.8209e9b9e918f009cd52.js",
      "checkout.8209e9b9e918f009cd52.js.map"
    ],
    "storefront": [
      "storefront.978c53af1b6d60a9138f.css",
      "storefront.2c34c4938e7e6d2883a1.js",
      "storefront.978c53af1b6d60a9138f.css.map",
      "storefront.2c34c4938e7e6d2883a1.js.map"
    ],
    "vendors~app-cart": "chunk.d4245d21a3d46423b2d5.js"
  }
}