{
  "description": {
    "text": "Fundada em 2018, a TecomShop é uma loja especializada no comércio de eletrônicos importados. Todos os nossos produtos são originais e lacrados. Para nós, o bom relacionamento com o cliente é o bem mais valioso, devido a isso, oferecemos um atendimento exclusivo, rápido e eficaz.",
    "title": "TecomShop"
  },
  "links_1": {
    "list_pages": true,
    "title": "Páginas",
    "list": []
  },
  "links_2": {
    "list_categories": true,
    "title": "Categorias",
    "list": []
  },
  "contacts": {
    "title": "Contatos",
    "phone_wpp": true,
    "socials": true,
    "email": true,
    "address": true
  },
  "stamps": [
    {
      "src": "/img/uploads/ssl-safe.png",
      "alt": "Secure connection"
    }
  ],
  "payment_methods": {
    "bb": true,
    "visa": true,
    "boleto": true,
    "aura": false,
    "banrisul": false,
    "elo": true,
    "hipercard": false,
    "hsbc": false,
    "bradesco": true,
    "santander": false,
    "mastercard": true,
    "citibank": false,
    "mais": false,
    "itau": true
  },
  "credits": "TecomShop © 2023 - Todos os direitos reservados."
}