{
  "meta_title": "",
  "meta_description": "",
  "sections": [
    {
      "type": "collection-shelf",
      "shuffle": true,
      "limit": 12,
      "page": 1,
      "sort": "sales",
      "title": "Mais Vendidos"
    },
    {
      "type": "collection-shelf",
      "shuffle": true,
      "limit": 12,
      "page": 1,
      "sort": "views",
      "title": "Destaques"
    },
    {
      "type": "collection-shelf",
      "shuffle": true,
      "limit": 12,
      "page": 1,
      "title": "Lançamentos",
      "sort": "news"
    },
    {
      "type": "info-bar",
      "enabled": true
    },
    {
      "type": "custom-html",
      "html": "<!-- Trustvox -->\n<script type=\"text/javascript\" src=\"//colt.trustvox.com.br/colt.min.js\"></script><script>var _trustvox_colt = _trustvox_colt || [];_trustvox_colt.push(['_storeId', '111456'], ['_limit', '9']);</script>\n<!-- /Trustvox -->\n<div id=\"_trustvox_colt\"></div>"
    }
  ]
}
